-- ===================================================================
-- 修仙游戏初始种子数据
-- 注意: 插入顺序依赖 001_init.sql 中的表定义顺序
-- ===================================================================

-- ===================================================================
-- 1. 境界配置 (realm_config)
-- ===================================================================
INSERT INTO realm_config (id, realm_name, realm_group, level, upgrade_exp, base_hp, base_mp, base_attack, base_defense, base_speed, breakthrough_item_id, description) VALUES
-- 练气期(9层)
(1,  '练气一层',   1, 1, 100,    0,   0,   0,  0,  0,  NULL, '修仙之路的起点'),
(2,  '练气二层',   1, 2, 300,    20,  20,  2,  2,  1,   NULL, '初步感应天地灵气'),
(3,  '练气三层',   1, 3, 600,    50,  50,  5,  4,  2,   NULL, '气通百骸'),
(4,  '练气四层',   1, 4, 1000,   100, 100, 8,  6,  3,   NULL, '灵气充盈'),
(5,  '练气五层',   1, 5, 1500,   150, 150, 12, 8,  4,   NULL, '伐毛洗髓'),
(6,  '练气六层',   1, 6, 2100,   200, 200, 16, 12, 5,   NULL, '内息自成循环'),
(7,  '练气七层',   1, 7, 2800,   280, 280, 20, 16, 6,   NULL, '真气化液'),
(8,  '练气八层',   1, 8, 3600,   360, 360, 25, 20, 8,   NULL, '气海初成'),
(9,  '练气九层',   1, 9, 5000,   500, 500, 30, 25, 10,  NULL, '练气大圆满'),
-- 筑基期(4境)
(10, '筑基初期',   2, 1, 10000,  800, 800, 50,  40,  15, 1,   '筑基成功,脱胎换骨'),
(11, '筑基中期',   2, 2, 18000,  1200,1200, 80,  60,  20,  NULL,'筑基稳固,法力渐深'),
(12, '筑基后期',   2, 3, 28000,  1800,1800, 120, 90,  25,  NULL,'筑基大成'),
(13, '筑基圆满',   2, 4, 40000,  2500,2500, 160, 120, 30,  NULL,'筑基圆满,金丹可期'),
-- 金丹期(4境)
(14, '金丹初期',   3, 1, 60000,  4000,4000, 250, 180, 40,  NULL,'金丹凝形,实力飞跃'),
(15, '金丹中期',   3, 2, 85000,  5500,5500, 350, 250, 50,  NULL,'金丹温养'),
(16, '金丹后期',   3, 3, 115000, 7500,7500, 480, 340, 60,  NULL,'金丹大成'),
(17, '金丹圆满',   3, 4, 150000, 10000,10000, 650, 450, 75, NULL,'金丹圆满,元婴可期'),
-- 元婴期(4境)
(18, '元婴初期',   4, 1, 200000, 15000,15000, 900, 600, 100, NULL,'元婴破丹而出'),
(19, '元婴中期',   4, 2, 280000, 20000,20000, 1200,800, 120, NULL,'元婴壮大'),
(20, '元婴后期',   4, 3, 380000, 26000,26000, 1600,1100,140, NULL,'元婴大成'),
(21, '元婴圆满',   4, 4, 500000, 34000,34000, 2100,1500,160, NULL,'元婴圆满,化神之始'),
-- 化神期(4境)
(22, '化神初期',   5, 1, 650000, 45000,45000, 2800,2000,200, NULL,'神识化形'),
(23, '化神中期',   5, 2, 850000, 58000,58000, 3600,2600,240, NULL,'神念万里'),
(24, '化神后期',   5, 3, 1100000,75000,75000, 4600,3400,280, NULL,'化神大成'),
(25, '化神圆满',   5, 4, 1400000,95000,95000, 5800,4300,320, NULL,'化神圆满,合体之基'),
-- 合体期(4境)
(26, '合体初期',   6, 1, 1800000,120000,120000, 7400,5500,380, NULL,'身神合一'),
(27, '合体中期',   6, 2, 2300000,150000,150000, 9200,7000,440, NULL,'合体稳固'),
(28, '合体后期',   6, 3, 2900000,190000,190000, 11500,8800,500, NULL,'合体大成'),
(29, '合体圆满',   6, 4, 3600000,240000,240000, 14500,11000,580, NULL,'合体圆满'),
-- 大乘期(4境)
(30, '大乘初期',   7, 1, 4500000,300000,300000, 18000,14000,680, NULL,'大乘之始'),
(31, '大乘中期',   7, 2, 5600000,380000,380000, 22000,17500,800, NULL,'大乘中期'),
(32, '大乘后期',   7, 3, 7000000,480000,480000, 28000,22000,940, NULL,'大乘后期'),
(33, '大乘圆满',   7, 4, 8800000,600000,600000, 35000,28000,1100,NULL,'大乘圆满'),
-- 渡劫期(4境)
(34, '渡劫初期',   8, 1, 11000000,750000,750000, 44000,35000,1300,NULL,'天劫初临'),
(35, '渡劫中期',   8, 2, 14000000,950000,950000, 55000,44000,1550,NULL,'劫雷淬体'),
(36, '渡劫后期',   8, 3, 18000000,1200000,1200000, 70000,56000,1850,NULL,'渡劫后期'),
(37, '渡劫圆满',   8, 4, 0,      1500000,1500000, 88000,70000,2200,NULL,'渡劫圆满,飞升可期');


-- ===================================================================
-- 2. 物品模板 (item_templates)
-- ===================================================================
INSERT INTO item_templates (id, name, item_type, quality, use_level, sell_price, bind_type, max_stack, cooldown, description, extra_attributes) VALUES
-- 消耗品 (type=1)
(1,  '筑基丹',     1, 4, 9,  5000,  2, 10,  0,  '突破筑基所需丹药,可提升突破成功率',    '{"effect":"breakthrough","realm_group":2,"success_rate":30}'),
(2,  '聚气丹',     1, 1, 1,  50,    0, 99,  2,  '回复少量真元,适合练气期使用',          '{"mp_restore":30}'),
(3,  '培元丹',     1, 2, 3,  200,   0, 99,  5,  '固本培元,短时间内提升修为获取速度',    '{"exp_bonus":0.1,"duration":300}'),
(4,  '回血散',     1, 1, 1,  30,    0, 99,  3,  '外敷伤药,回复少量气血',                '{"hp_restore":50}'),
(5,  '凝神丹',     1, 2, 5,  500,   0, 50,  10, '凝神静气,提升修炼速度',                '{"cultivation_speed":1.15,"duration":600}'),
(6,  '金创药',     1, 2, 3,  150,   0, 99,  3,  '上等金创药,回复较多气血',              '{"hp_restore":200}'),
(7,  '养神丹',     1, 3, 6,  800,   0, 50,  5,  '滋养元神,回复大量真元',                '{"mp_restore":200}'),
(8,  '回春丹',     1, 3, 8,  1200,  0, 30,  10, '回春妙药,大量回复气血并持续回复',      '{"hp_restore":500,"hp_regen":50,"duration":30}'),
-- 装备 (type=2)
(9,  '青锋剑',     2, 2, 3,  800,   0, 1,   0,  '精铁所铸的制式长剑,锋利坚韧',          '{"attack":15,"defense":2,"slot_type":1}'),
(10, '玄铁重剑',   2, 3, 6,  2500,  0, 1,   0,  '玄铁铸造的重剑,势大力沉',              '{"attack":35,"defense":5,"slot_type":1}'),
(11, '紫金冠',     2, 3, 5,  1800,  0, 1,   0,  '紫金打造的头冠,蕴含灵力',              '{"defense":12,"hp":100,"slot_type":2}'),
(12, '金蚕丝甲',   2, 4, 8,  5000,  1, 1,   0,  '金蚕丝编织的内甲,刀枪不入',            '{"defense":40,"hp":300,"slot_type":3}'),
(13, '凌云靴',     2, 2, 4,  1200,  0, 1,   0,  '轻便的修行靴,提升身法速度',            '{"defense":5,"speed":15,"slot_type":7}'),
(14, '玉清项链',   2, 4, 7,  4500,  0, 1,   0,  '暖玉制成的项链,温养经脉',              '{"hp":150,"mp":150,"slot_type":8}'),
(15, '乾坤戒',     2, 4, 9,  8000,  1, 1,   0,  '内含乾坤的储物戒指,兼有防护之力',      '{"attack":20,"defense":20,"slot_type":9}'),
(16, '七星剑',     2, 5, 12, 20000, 1, 1,   0,  '剑身刻有七星阵纹,引星辰之力',          '{"attack":80,"defense":10,"mp":200,"slot_type":1}'),
(17, '紫绶仙衣',   2, 5, 14, 30000, 1, 1,   0,  '紫绶仙蚕丝织就的仙衣,防御惊人',        '{"defense":100,"hp":600,"mp":300,"slot_type":3}'),
(18, '玉清剑',     2, 6, 18, 80000, 1, 1,   0,  '仙家法宝,一剑破万法',                  '{"attack":200,"defense":30,"mp":500,"speed":30,"slot_type":1}'),
-- 材料 (type=3)
(19, '灵石碎片',   3, 1, 1,  10,    0, 999, 0,  '灵石碎裂后的小碎片,可合成灵石',        '{}'),
(20, '妖兽内丹',   3, 3, 5,  1500,  0, 99,  0,  '妖兽体内凝结的内丹,炼丹炼器材料',      '{}'),
(21, '玄铁',       3, 2, 3,  300,   0, 99,  0,  '稀有矿石,锻造装备的材料',              '{}'),
(22, '千年灵木',   3, 4, 8,  5000,  0, 99,  0,  '千年灵木心,上等炼器材料',              '{}'),
-- 功法书 (type=4)
(23, '基础吐纳法诀要', 4, 1, 1, 100,  2, 1, 0, '记载基础吐纳法的卷轴,学会后可修炼',    '{"technique_id":1}'),
(24, '长青功秘籍',   4, 3, 6,  5000,  2, 1, 0, '记载长青功的秘籍,木系功法',             '{"technique_id":2}'),
(25, '紫霞功秘籍',   4, 4, 10, 15000, 2, 1, 0, '记载紫霞功的秘籍,中正平和',             '{"technique_id":3}'),
(26, '九转金身诀残卷',4, 5, 15, 50000,2, 1, 0, '九转金身诀残卷,炼体至强功法',           '{"technique_id":4}');


-- ===================================================================
-- 3. 功法模板 (technique_templates)
-- ===================================================================
INSERT INTO technique_templates (id, name, grade, element_type, max_level, level_required, cultivation_bonus, hp_bonus, mp_bonus, attack_bonus, defense_bonus, speed_bonus, description) VALUES
(1, '基础吐纳法',   1, 0, 9,  1,  5.00,   50,   50,   5,   5,   2,  '修仙界最基础的呼吸吐纳之法,人人可学'),
(2, '长青功',       3, 2, 12, 5,  15.00,  500,  100,  20,  30,  5,  '乙木灵气淬体,生生不息,擅长回复与防御'),
(3, '紫霞功',       4, 0, 15, 9,  25.00,  300,  500,  60,  40,  10, '引紫霞入体,全面提升,中正平和的上乘功法'),
(4, '九转金身诀',   5, 1, 18, 15, 20.00,  2000, 200,  100, 200, 15, '传说级炼体功法,九转大成则肉身不灭');


-- ===================================================================
-- 4. 技能模板 (skill_templates)
-- ===================================================================
INSERT INTO skill_templates (id, name, skill_type, element_type, level_required, mp_cost, cooldown, target_type, damage_multiplier, description, extra_effects) VALUES
(1, '火球术',       1, 4, 3,  20,  3,  0, 1.50, '凝聚火属性真元化为火球攻击敌人',           '{"burn":0.1,"burn_duration":3}'),
(2, '金甲术',       2, 1, 5,  30,  5,  2, 0.00, '以庚金之气凝成护甲,提升自身防御',           '{"defense_up":50,"duration":30}'),
(3, '木灵诀',       3, 2, 4,  25,  8,  2, 0.00, '引木灵之气恢复己方气血',                   '{"hp_restore":200,"regen":20,"duration":10}'),
(4, '水幕天华',     2, 3, 8,  50,  10, 3, 0.00, '以水灵气织成天幕屏障,庇护全体队友',         '{"damage_reduction":30,"duration":20}'),
(5, '土盾术',       2, 5, 3,  15,  4,  0, 0.00, '凝聚土石之气形成护盾',                     '{"shield":100,"duration":15}'),
(6, '飞剑术',       1, 1, 7,  40,  4,  0, 2.20, '御剑飞击,远程攻击技能',                    '{"pierce":0.2}'),
(7, '雷法·天雷引',  1, 0, 12, 80,  8,  0, 3.00, '引九天雷霆降下,造成巨额伤害',              '{"stun":0.3,"stun_duration":1}'),
(8, '风灵步',       4, 0, 6,  10,  0,  1, 0.00, '身化清风,大幅提升闪避与速度',              '{"dodge_up":20,"speed_up":30,"duration":20}'),
(9, '御风术',       4, 0, 2,  5,   0,  1, 0.00, '驾驭风力,提升移动速度',                    '{"speed_up":15,"duration":60}'),
(10, '净心咒',      3, 0, 5,  15,  15, 2, 0.00, '清心净念,驱散负面状态',                    '{"cleanse_debuff":true}');


-- ===================================================================
-- 5. 系统配置 (system_config)
-- ===================================================================
INSERT INTO system_config (config_key, config_value, description) VALUES
('server_name',         '修仙大陆',             '服务器名称'),
('server_id',           '1',                    '服务器ID'),
('server_open_time',    '2026-01-01 10:00:00',  '开服时间'),
('exp_rate',            '1.0',                  '修为获取倍率'),
('drop_rate',           '1.0',                  '物品掉落倍率'),
('money_rate',          '1.0',                  '灵石掉落倍率'),
('cultivation_speed_rate', '1.0',               '修炼速度全局倍率'),
('max_online_players',  '10000',                '最大在线人数'),
('maintenance',         '0',                    '维护模式(0关闭/1开启)'),
('min_mail_title_length', '1',                  '邮件标题最小长度'),
('max_mail_title_length', '50',                 '邮件标题最大长度'),
('trade_tax_rate',      '0.05',                 '交易行税率(5%)'),
('friend_max_count',    '200',                  '好友上限'),
('sect_create_cost',    '10000',                '创建宗门所需灵石'),
('pvp_season_duration_days', '30',              'PVP赛季天数');


-- ===================================================================
-- 6. 示例玩家数据
-- ===================================================================

-- 6a. 玩家资料
INSERT INTO players (id, uid, nickname, realm_id, realm_level, exp, spirit_root, hp, mp, attack, defense, speed, cultivation_technique_id, auxiliary_technique_ids, money, bind_money, immortal_jade, vip_level, total_play_time, last_login_at, last_logout_at) VALUES
(1, '10001', '青云道人',  10, 1, 15000,  '{"roots":["火灵根","木灵根"],"quality":"中品"}',  1200, 800,  120, 90,  115, 2, '[3]',    50000, 20000, 500,  2, 360000, '2026-06-05 10:00:00', '2026-06-05 12:30:00'),
(2, '10002', '剑心',      5,  5, 8000,   '{"roots":["金灵根"],"quality":"上品"}',            500,  300,  80,  50,  110, 1, '[]',     18000, 5000,  100,  0, 120000, '2026-06-04 20:00:00', '2026-06-04 23:45:00'),
(3, '10003', '月影仙子',  14, 1, 75000,  '{"roots":["水灵根","土灵根"],"quality":"中品"}',   5000, 4500,  300, 220, 140, 2, '[3]',    200000,80000, 2000, 5, 900000, '2026-06-05 08:30:00', NULL),
(4, '10004', '玄天散人',  1,  1, 0,      '{"roots":["火灵根","木灵根","土灵根"],"quality":"下品"}', 100, 100, 10, 10, 100, NULL, NULL, 1000, 0, 0, 0, 0, NULL, NULL),
(5, '10005', '龙傲天',    22, 1, 700000, '{"roots":["雷灵根(变异)"],"quality":"极品"}',     50000,48000, 3200,2400,220, 4, '[2,3]', 5000000,1000000,50000,8, 3600000, '2026-06-05 00:00:00', '2026-06-05 11:00:00');

-- 6b. 玩家详细属性
INSERT INTO player_attributes (player_id, max_hp, max_mp, hp_regen, mp_regen, crit_rate, crit_dmg, dodge_rate, hit_rate, damage_reduction, cultivation_speed, fortune, comprehension, charm) VALUES
(1, 2000, 1500, 20, 15, 12.00, 160.00, 8.00, 96.00, 5.00, 115.00, 25, 30, 18),
(2, 1000, 800,  12, 10, 8.00,  150.00, 10.00, 95.00, 3.00, 105.00, 15, 45, 10),
(3, 8000, 7000, 60, 50, 18.00, 175.00, 15.00, 97.00, 12.00, 125.00, 40, 50, 35),
(4, 200,  200,  5,  5,  5.00,  150.00, 5.00,  95.00, 0.00,  100.00, 5,  10, 5),
(5, 55000,52000,300,250,35.00, 200.00, 25.00, 99.00, 20.00, 150.00, 80, 70, 40);

-- 6c. 背包初始物品
INSERT INTO inventory (player_id, item_id, quantity, slot, extra_data, is_equipped) VALUES
(1, 2, 20, 1, NULL, 0),
(1, 3, 10, 2, NULL, 0),
(1, 4, 15, 3, NULL, 0),
(1, 5, 5,  4, NULL, 0),
(1, 9, 1,  5, NULL, 1),
(1, 11, 1, 6, NULL, 1),
(1, 19, 50, 7, NULL, 0),
(2, 2, 30, 1, NULL, 0),
(2, 4, 20, 2, NULL, 0),
(2, 9, 1,  3, NULL, 1),
(2, 19, 20, 4, NULL, 0),
(3, 2, 50, 1, NULL, 0),
(3, 5, 20, 2, NULL, 0),
(3, 7, 15, 3, NULL, 0),
(3, 14, 1, 4, NULL, 1),
(3, 16, 1, 5, NULL, 1),
(3, 17, 1, 6, NULL, 1),
(3, 22, 10, 7, NULL, 0),
(4, 2, 10, 1, NULL, 0),
(4, 19, 5,  2, NULL, 0),
(5, 7, 99, 1, NULL, 0),
(5, 8, 50, 2, NULL, 0),
(5, 18, 1, 3, NULL, 1),
(5, 20, 200,4, NULL, 0),
(5, 22, 50, 5, NULL, 0);

-- 6d. 装备数据
INSERT INTO equipment (player_id, slot_type, item_id, base_attr, enhance_level, gems) VALUES
(1, 1, 9,  '{"attack":15,"defense":2}',   3, '[1,2]'),
(1, 2, 11, '{"defense":12,"hp":100}',     2, NULL),
(2, 1, 9,  '{"attack":15,"defense":2}',   1, NULL),
(3, 1, 16, '{"attack":80,"defense":10,"mp":200}',   8, '[3,3,5]'),
(3, 8, 14, '{"hp":150,"mp":150}',         5, NULL),
(3, 3, 17, '{"defense":100,"hp":600,"mp":300}',     6, '[1,4]'),
(5, 1, 18, '{"attack":200,"defense":30,"mp":500,"speed":30}',   12, '[5,5,5,5]'),
(5, 9, 15, '{"attack":20,"defense":20}',  10, '[3,3]');

-- 6e. 已学功法
INSERT INTO techniques (player_id, technique_id, level, exp, is_equipped) VALUES
(1, 2, 5, 800,  1),
(1, 3, 2, 200,  2),
(2, 1, 8, 1500, 1),
(3, 2, 10, 3000,1),
(3, 3, 7, 1200, 2),
(4, 1, 1, 0,    1),
(5, 4, 12, 8000,1),
(5, 2, 15, 5000,2),
(5, 3, 10, 3000,2);

-- 6f. 已学技能
INSERT INTO skills (player_id, skill_id, level, is_equipped) VALUES
(1, 1, 4, 1),
(1, 5, 3, 1),
(1, 3, 2, 1),
(1, 9, 1, 1),
(2, 6, 3, 1),
(2, 2, 2, 1),
(2, 9, 2, 1),
(3, 4, 6, 1),
(3, 3, 5, 1),
(3, 6, 4, 1),
(3, 8, 3, 1),
(4, 9, 1, 1),
(5, 7, 8, 1),
(5, 6, 7, 1),
(5, 2, 6, 1),
(5, 4, 5, 1),
(5, 8, 5, 1),
(5, 10, 3, 1);


-- ===================================================================
-- 7. 宗门数据
-- ===================================================================
INSERT INTO sects (id, name, leader_id, level, member_count, max_members, notice) VALUES
(1, '青云宗',   1, 5, 4, 50, '天地有道,万物有灵。青云宗门,广纳贤才。'),
(2, '天剑阁',   5, 8, 2, 100, '一剑破万法!天剑阁招收天下剑修。');

INSERT INTO sect_members (sect_id, player_id, position, contribution) VALUES
(1, 1, 1, 50000),
(1, 2, 3, 15000),
(1, 3, 2, 80000),
(1, 4, 4, 500),
(2, 5, 1, 200000),
(2, 1, 4, 1000);


-- ===================================================================
-- 8. 好友关系
-- ===================================================================
INSERT INTO friends (player_id, friend_id, status) VALUES
(1, 2, 1),
(1, 3, 1),
(2, 1, 1),
(2, 3, 1),
(3, 1, 1),
(3, 2, 1),
(4, 1, 0),
(5, 1, 2),
(5, 3, 2);


-- ===================================================================
-- 9. 邮件数据
-- ===================================================================
INSERT INTO mail (sender_id, receiver_id, title, content, has_attachment, item_id, item_quantity, is_read, is_claimed) VALUES
(0, 1, '欢迎来到修仙大陆',              '道友初入仙途,特赠薄礼以助修行,望勤加修炼,早日得道。',                   1, 2,  10, 0, 0),
(0, 2, '修为突破奖励',                  '恭喜道友突破筑基期!宗门特发奖励,以资鼓励。',                             1, 6,  5,  1, 1),
(0, 3, '宗门贡献奖励',                  '本月宗门贡献榜第一名,特此嘉奖!',                                          1, 22, 5,  0, 0),
(0, 1, '系统通知',                      '这是一封系统测试邮件,无需回复。',                                            0, NULL, 0, 1, 0),
(2, 1, '道友安好',                     '青云兄,明日宗门秘境探索,可否同往?',                                       0, NULL, 0, 0, 0),
(3, 1, '交易请求',                     '青云道友,愿以五百灵石购你手中玄铁,不知可否?',                               0, NULL, 0, 0, 0);


-- ===================================================================
-- 10. 交易行数据
-- ===================================================================
INSERT INTO trade_listings (seller_id, item_id, quantity, unit_price, currency_type, status) VALUES
(2, 20, 5, 1500,  0, 0),
(2, 19, 30, 8,    0, 0),
(1, 20, 3, 1800,  0, 0),
(1, 21, 10, 350,  0, 0),
(3, 22, 3, 6000,  0, 0),
(3, 5,  10, 600,  0, 0),
(5, 20, 50, 1200, 0, 0),
(2, 21, 5, 280,   0, 2),
(1, 22, 2, 5500,  0, 1);


-- ===================================================================
-- 11. PVP 排行数据 (赛季ID=1)
-- ===================================================================
INSERT INTO pvp_rankings (player_id, season_id, `rank`, rating, win_count, lose_count) VALUES
(5, 1, 1,  2500, 180, 20),
(3, 1, 2,  2200, 150, 35),
(1, 1, 3,  1800, 100, 50),
(2, 1, 4,  1500, 60,  80),
(4, 1, 5,  1000, 0,   5);


-- ===================================================================
-- 12. 管理员账号
-- 默认密码: admin123 (bcrypt hash, cost=10)
-- ===================================================================
INSERT INTO admin_users (username, password_hash, role, permissions) VALUES
('admin',     '$2b$10$h/zh/CDmqgExhU/JBptulesrnYg5cFmzN6Iukiu9tVN0em9Rq0r9W', 'super_admin',
 '["all"]'),
('operator',  '$2b$10$h/zh/CDmqgExhU/JBptulesrnYg5cFmzN6Iukiu9tVN0em9Rq0r9W', 'operator',
 '["player_view","player_search","mail_send","item_grant","broadcast"]'),
('auditor',   '$2b$10$h/zh/CDmqgExhU/JBptulesrnYg5cFmzN6Iukiu9tVN0em9Rq0r9W', 'auditor',
 '["player_view","log_view","report_view"]');
